input_si_sdr,input_sdr,input_sir,input_sar,input_stoi,input_pesq,si_sdr,sdr,sir,sar,stoi,pesq,id
-23.146973133087158,-28.00725210921077,-25.778244842205982,3.022341502789036,0.7058932974861103,1.8149653911590575,-32.559099873900415,-7.038413575429852,3.0619239637319393,-0.8604935030081474,0.46667655613402703,1.8739463806152343,0
-26.43336157798767,-28.19360445667956,-23.60021355236492,-0.8427668743054489,0.7245441568062871,2.8844089031219484,-31.897154998779296,-9.882996638711088,-0.8273655658521587,-3.180651791128251,0.5016253094327616,1.7595268964767456,1
-38.918789577484134,-47.11297945581427,-45.30105142805747,6.3078019121586735,0.5541954051641966,2.1260459661483764,-53.481318664550784,-8.86709764940926,4.961504372424966,-0.8493987241070766,0.38750766832284345,2.369020962715149,2
