input_si_sdr,input_sdr,input_sir,input_sar,input_stoi,input_pesq,si_sdr,sdr,sir,sar,stoi,pesq,id
-23.146973133087158,-28.00725210921077,-25.778244842205982,3.022341502789036,0.7058932974861103,1.8149653911590575,-33.00793840885162,-7.9183515973854695,2.4991075776834935,-1.9783056358322917,0.5093052262593079,1.923736572265625,0
-26.43336157798767,-28.19360445667956,-23.60021355236492,-0.8427668743054489,0.7245441568062871,2.8844089031219484,-35.00984878540039,-9.14652447710472,-0.7105474436893952,-3.161544183021685,0.5362572971190708,1.8714521884918214,1
-38.918789577484134,-47.11297945581427,-45.30105142805747,6.3078019121586735,0.5541954051641966,2.1260459661483764,-54.6691707611084,-8.40833199418956,2.1082559899781916,-0.444856323272548,0.3593077126695738,2.0048282384872436,2
