input_si_sdr,input_sdr,input_sir,input_sar,input_stoi,input_pesq,si_sdr,sdr,sir,sar,stoi,pesq,id
-5.178821245829265,-5.174624805507234,-5.174611079067838,59.51526347842099,0.9716782459520745,2.1957597732543945,-50.87548573811849,13.102337815002526,22.74398516845747,16.467126248076557,0.7359977228365104,1.9060042301813762,0
-3.274015784263611,-3.273904669027194,-3.2738634632445014,52.107978310421295,0.9849601160141362,2.6604100863138833,2.931256572405497,3.306827777684209,11.244434570025971,14.018176297812177,0.9493523107387957,2.7847705284754434,1
-3.291103800137838,-3.286999307630442,-3.2869806935506154,55.5819438022256,0.9740913106596706,1.8886619011561077,-14.707006136576334,3.5101506230471458,9.546765409104156,10.948344410204088,0.7931279104690044,2.0110852320988974,2
