input_si_sdr,input_sdr,input_sir,input_sar,input_stoi,input_pesq,si_sdr,sdr,sir,sar,stoi,pesq,id
-5.178821245829265,-5.174624805507234,-5.174611079067838,59.51526347842099,0.9716782459520745,2.1957597732543945,-41.987159729003906,7.580203418180335,13.660422460311002,9.565347158902187,0.7448477114689115,2.3403491576512656,0
-3.274015784263611,-3.273904669027194,-3.2738634632445014,52.107978310421295,0.9849601160141362,2.6604100863138833,0.9808973073959351,3.8591250565848725,12.982521268758864,11.865520813035518,0.9614673890592274,2.750037511189779,1
-3.291103800137838,-3.286999307630442,-3.2869806935506154,55.5819438022256,0.9740913106596706,1.8886619011561077,-21.154784838358562,4.578797416855607,14.774006469662888,11.540807681312401,0.8805555144262763,2.140564282735189,2
